Samp,StructID_noflag,SampType,Pop,1_in_het_introgress,1_h_introgress,2_in_het_introgress,2_h_introgress,3_in_het_introgress,3_h_introgress,class_nh_50,FLB_LMB_stru,ALB_stru,REB_stru,CHB_stru,SHB_stru,Newhyb Run1?,Newhybs1_assign,Newhyb Run2?,Newhybs2_assign,Newhyb Run3?,Newhybs3_assign,No Newhyb?
FWC_FLB_1,LMBFLB,refLMBFLB,,,,,,,,,0.9878,0.0052,0.002,0.003,0.002,,,,,,,
FWC_FLB_2,LMBFLB,refLMBFLB,,,,,,,,,0.9957,0.001,0.001,0.0013,0.001,,,,,,,
FWC_FLB_3,LMBFLB,refLMBFLB,,,,,,,,,0.993,0.002,0.001,0.002,0.002,,,,,,,
FWC_FLB_4,LMBFLB,refLMBFLB,,,,,,,,,0.9818,0.0102,0.001,0.002,0.005,,,,,,,
FWC_FLB_5,LMBFLB,refLMBFLB,,,,,,,,,0.994,0.002,0.002,0.001,0.001,,,,,,,
FWC_FLB_6,LMBFLB,refLMBFLB,,,,,,,,,0.9949,0.0021,0.001,0.001,0.001,,,,,,,
FWC_FLB_7,LMBFLB,refLMBFLB,,,,,,,,,0.9919,0.002,0.002,0.0021,0.002,,,,,,,
FWC_FLB_8,LMBFLB,refLMBFLB,,,,,,,,,0.99,0.003,0.002,0.001,0.004,,,,,,,
FWC_FLB_9,LMBFLB,refLMBFLB,,,,,,,,,0.994,0.002,0.001,0.001,0.002,,,,,,,
FWC_FLB_10,LMBFLB,refLMBFLB,,,,,,,,,0.9731,0.002,0.0021,0.004,0.0188,,,,,,,
FWC_FLB_11,LMBFLB,refLMBFLB,,,,,,,,,0.992,0.002,0.001,0.002,0.003,,,,,,,
FWC_FLB_12,LMBFLB,refLMBFLB,,,,,,,,,0.996,0.001,0.001,0.001,0.001,,,,,,,
FWC_FLB_13,LMBFLB,refLMBFLB,,,,,,,,,0.9842,0.008,0.002,0.0028,0.003,,,,,,,
FWC_FLB_14,LMBFLB,refLMBFLB,,,,,,,,,0.993,0.003,0.001,0.001,0.002,,,,,,,
FWC_FLB_15,LMBFLB,refLMBFLB,,,,,,,,,0.9914,0.004,0.001,0.0016,0.002,,,,,,,
FWC_FLB_16,LMBFLB,refLMBFLB,,,,,,,,,0.9864,0.0069,0.0027,0.002,0.002,,,,,,,
FWC_FLB_17,LMBFLB,refLMBFLB,,,,,,,,,0.9949,0.0011,0.001,0.001,0.002,,,,,,,
FWC_FLB_18,LMBFLB,refLMBFLB,,,,,,,,,0.9939,0.002,0.0011,0.001,0.002,,,,,,,
FWC_FLB_19,LMBFLB,refLMBFLB,,,,,,,,,0.994,0.002,0.001,0.002,0.001,,,,,,,
FWC_FLB_20,LMBFLB,refLMBFLB,,,,,,,,,0.9882,0.0051,0.002,0.002,0.0027,,,,,,,
FWC_FLB_21,LMBFLB,refLMBFLB,,,,,,,,,0.995,0.002,0.001,0.001,0.001,,,,,,,
FWC_FLB_22,LMBFLB,refLMBFLB,,,,,,,,,0.994,0.002,0.001,0.002,0.001,,,,,,,
FWC_FLB_23,LMBFLB,refLMBFLB,,,,,,,,,0.996,0.001,0.001,0.001,0.001,,,,,,,
FWC_FLB_24,LMBFLB,refLMBFLB,,,,,,,,,0.991,0.004,0.002,0.002,0.001,,,,,,,
FWC_FLB_25,LMBFLB,refLMBFLB,,,,,,,,,0.993,0.002,0.001,0.003,0.001,,,,,,,
FWC_FLB_26,LMBFLB,refLMBFLB,,,,,,,,,0.9909,0.002,0.0021,0.002,0.003,,,,,,,
FWC_FLB_27,LMBFLB,refLMBFLB,,,,,,,,,0.996,0.001,0.001,0.001,0.001,,,,,,,
FWC_FLB_28,LMBFLB,refLMBFLB,,,,,,,,,0.99,0.004,0.002,0.002,0.002,,,,,,,
FWC_FLB_29,LMBFLB,refLMBFLB,,,,,,,,,0.996,0.001,0.001,0.001,0.001,,,,,,,
FWC_FLB_30,LMBFLB,refLMBFLB,,,,,,,,,0.9681,0.012,0.0061,0.0088,0.005,,,,,,,
FWC_FLB_31,LMBFLB,refLMBFLB,,,,,,,,,0.995,0.001,0.001,0.002,0.001,,,,,,,
FWC_FLB_32,LMBFLB,refLMBFLB,,,,,,,,,0.9904,0.002,0.002,0.0036,0.002,,,,,,,
FWC_FLB_33,LMBFLB,refLMBFLB,,,,,,,,,0.9904,0.0046,0.002,0.002,0.001,,,,,,,
FWC_FLB_34,LMBFLB,refLMBFLB,,,,,,,,,0.993,0.001,0.002,0.002,0.002,,,,,,,
FWC_FLB_35,LMBFLB,refLMBFLB,,,,,,,,,0.995,0.001,0.002,0.001,0.001,,,,,,,
FWC_FLB_36,LMBFLB,refLMBFLB,,,,,,,,,0.9933,0.002,0.002,0.0017,0.001,,,,,,,
FWC_FLB_37,LMBFLB,refLMBFLB,,,,,,,,,0.993,0.002,0.001,0.001,0.003,,,,,,,
FWC_FLB_38,LMBFLB,refLMBFLB,,,,,,,,,0.9927,0.0013,0.001,0.003,0.002,,,,,,,
FWC_FLB_39,LMBFLB,refLMBFLB,,,,,,,,,0.9798,0.006,0.005,0.004,0.0052,,,,,,,
FWC_FLB_40,LMBFLB,refLMBFLB,,,,,,,,,0.9584,0.0098,0.0088,0.017,0.006,,,,,,,
FWC_LMB_1,LMBFLB,refLMBFLB,,,,,,,,,0.9954,0.0016,0.001,0.001,0.001,,,,,,,
FWC_LMB_2,LMBFLB,refLMBFLB,,,,,,,,,0.995,0.001,0.001,0.001,0.002,,,,,,,
FWC_LMB_3,LMBFLB,refLMBFLB,,,,,,,,,0.9863,0.003,0.0028,0.003,0.0049,,,,,,,
FWC_LMB_4,LMBFLB,refLMBFLB,,,,,,,,,0.9911,0.001,0.002,0.002,0.0039,,,,,,,
FWC_LMB_5,LMBFLB,refLMBFLB,,,,,,,,,0.994,0.002,0.001,0.001,0.002,,,,,,,
FWC_LMB_6,LMBFLB,refLMBFLB,,,,,,,,,0.9939,0.002,0.0011,0.001,0.002,,,,,,,
FWC_LMB_7,LMBFLB,refLMBFLB,,,,,,,,,0.991,0.003,0.001,0.003,0.002,,,,,,,
FWC_LMB_8,LMBFLB,refLMBFLB,,,,,,,,,0.993,0.002,0.001,0.002,0.002,,,,,,,
FWC_LMB_9,LMBFLB,refLMBFLB,,,,,,,,,0.993,0.002,0.001,0.002,0.002,,,,,,,
FWC_LMB_10,LMBFLB,refLMBFLB,,,,,,,,,0.988,0.003,0.002,0.003,0.004,,,,,,,
FWC_LMB_11,LMBFLB,refLMBFLB,,,,,,,,,0.9948,0.001,0.001,0.0012,0.002,,,,,,,
FWC_LMB_12,LMBFLB,refLMBFLB,,,,,,,,,0.995,0.001,0.001,0.002,0.001,,,,,,,
FWC_LMB_13,LMBFLB,refLMBFLB,,,,,,,,,0.9935,0.002,0.001,0.0015,0.002,,,,,,,
FWC_LMB_14,LMBFLB,refLMBFLB,,,,,,,,,0.994,0.002,0.002,0.001,0.001,,,,,,,
FWC_LMB_15,LMBFLB,refLMBFLB,,,,,,,,,0.9929,0.001,0.001,0.0031,0.002,,,,,,,
FWC_LMB_16,LMBFLB,refLMBFLB,,,,,,,,,0.996,0.001,0.001,0.001,0.001,,,,,,,
FWC_LMB_17,LMBFLB,refLMBFLB,,,,,,,,,0.992,0.002,0.001,0.002,0.003,,,,,,,
FWC_LMB_18,LMBFLB,refLMBFLB,,,,,,,,,0.995,0.001,0.001,0.002,0.001,,,,,,,
FWC_LMB_19,LMBFLB,refLMBFLB,,,,,,,,,0.9801,0.004,0.008,0.0039,0.004,,,,,,,
FWC_LMB_20,LMBFLB,refLMBFLB,,,,,,,,,0.9865,0.004,0.004,0.0029,0.0026,,,,,,,
FWC_LMB_21,LMBFLB,refLMBFLB,,,,,,,,,0.996,0.001,0.001,0.001,0.001,,,,,,,
FWC_LMB_22,LMBFLB,refLMBFLB,,,,,,,,,0.9559,0.0331,0.002,0.003,0.006,,,,,,,
FWC_ALB_1,ALB,refALB,,,,,,,,,0.001,0.991,0.002,0.003,0.003,,,,,,,
FWC_ALB_2,ALB,refALB,,,,,,,,,0.001,0.9774,0.002,0.004,0.0156,,,,,,,
FWC_ALB_3,ALB,refALB,,,,,,,,,0.005,0.9887,0.002,0.0013,0.003,,,,,,,
FWC_ALB_4,ALB,refALB,,,,,,,,,0.002,0.9876,0.003,0.0044,0.003,,,,,,,
FWC_ALB_5,ALB,refALB,,,,,,,,,0.002,0.9466,0.007,0.0064,0.038,,,,,,,
FWC_ALB_6,ALB,refALB,,,,,,,,,0.001,0.992,0.002,0.002,0.003,,,,,,,
FWC_ALB_7,ALB,refALB,,,,,,,,,0.001,0.995,0.001,0.001,0.002,,,,,,,
FWC_ALB_8,ALB,refALB,,,,,,,,,0.001,0.993,0.002,0.001,0.003,,,,,,,
FWC_ALB_9,ALB,refALB,,,,,,,,,0.004,0.968,0.004,0.003,0.021,,,,,,,
FWC_ALB_10,ALB,refALB,,,,,,,,,0.001,0.9943,0.0015,0.001,0.0022,,,,,,,
FWC_ALB_11,ALB,refALB,,,,,,,,,0.0608,0.8928,0.002,0.002,0.0424,,,,,,,
FWC_ALB_12,ALB,refALB,,,,,,,,,0.001,0.9741,0.007,0.009,0.0089,,,,,,,
FWC_ALB_13,ALB,refALB,,,,,,,,,0.002,0.991,0.003,0.002,0.002,,,,,,,
FWC_ALB_14,ALB,refALB,,,,,,,,,0.002,0.9875,0.0024,0.002,0.0061,,,,,,,
FWC_ALB_15,ALB,refALB,,,,,,,,,0.001,0.993,0.002,0.002,0.002,,,,,,,
FWC_ALB_16,ALB,refALB,,,,,,,,,0.001,0.9871,0.0022,0.002,0.0077,,,,,,,
FWC_ALB_17,ALB,refALB,,,,,,,,,0.001,0.991,0.002,0.002,0.004,,,,,,,
FWC_ALB_18,ALB,refALB,,,,,,,,,0.002,0.9902,0.0028,0.002,0.003,,,,,,,
FWC_ALB_19,ALB,refALB,,,,,,,,,0.002,0.9866,0.006,0.0024,0.003,,,,,,,
FWC_ALB_20,ALB,refALB,,,,,,,,,0.001,0.992,0.003,0.002,0.002,,,,,,,
FWC_ALB_21,ALB,refALB,,,,,,,,,0.001,0.984,0.004,0.006,0.005,,,,,,,
FWC_ALB_22,ALB,refALB,,,,,,,,,0.001,0.9627,0.003,0.003,0.0303,,,,,,,
FWC_ALB_23,ALB,refALB,,,,,,,,,0.001,0.9851,0.01,0.0019,0.002,,,,,,,
FWC_ALB_24,ALB,refALB,,,,,,,,,0.001,0.995,0.001,0.001,0.002,,,,,,,
FWC_ALB_25,ALB,refALB,,,,,,,,,0.001,0.995,0.001,0.001,0.002,,,,,,,
FWC_ALB_26,ALB,refALB,,,,,,,,,0.001,0.995,0.001,0.001,0.002,,,,,,,
FWC_ALB_27,ALB,refALB,,,,,,,,,0.001,0.995,0.001,0.001,0.002,,,,,,,
FWC_ALB_28,ALB,refALB,,,,,,,,,0.001,0.986,0.01,0.001,0.002,,,,,,,
FWC_ALB_29,ALB,refALB,,,,,,,,,0.001,0.993,0.003,0.001,0.002,,,,,,,
FWC_ALB_30,ALB,refALB,,,,,,,,,0.001,0.9788,0.0162,0.002,0.002,,,,,,,
FWC_ALB_31,ALB,refALB,,,,,,,,,0.001,0.995,0.001,0.001,0.002,,,,,,,
FWC_ALB_32,ALB,refALB,,,,,,,,,0.0018,0.9781,0.002,0.002,0.0161,,,,,,,
FWC_ALB_33,ALB,refALB,,,,,,,,,0.001,0.9954,0.001,0.001,0.0016,,,,,,,
FWC_ALB_34,ALB,refALB,,,,,,,,,0.001,0.995,0.001,0.001,0.002,,,,,,,
FWC_ALB_35,ALB,refALB,,,,,,,,,0.001,0.995,0.001,0.001,0.002,,,,,,,
FWC_ALB_36,ALB,refALB,,,,,,,,,0.003,0.991,0.002,0.002,0.002,,,,,,,
FWC_ALB_37,ALB,refALB,,,,,,,,,0.001,0.995,0.001,0.001,0.002,,,,,,,
FWC_ALB_38,ALB,refALB,,,,,,,,,0.001,0.995,0.001,0.001,0.002,,,,,,,
FWC_ALB_39,ALB,refALB,,,,,,,,,0.001,0.995,0.001,0.001,0.002,,,,,,,
FWC_ALB_40,ALB,refALB,,,,,,,,,0.037,0.9579,0.0014,0.0017,0.002,,,,,,,
FWC_ALB_41,ALB,refALB,,,,,,,,,0.001,0.995,0.001,0.001,0.002,,,,,,,
FWC_ALB_42,ALB,refALB,,,,,,,,,0.013,0.9704,0.002,0.002,0.0126,,,,,,,
FWC_ALB_43,ALB,refALB,,,,,,,,,0.001,0.993,0.002,0.002,0.002,,,,,,,
FWC_ALB_44,ALB,refALB,,,,,,,,,0.001,0.995,0.001,0.001,0.002,,,,,,,
FWC_ALB_45,ALB,refALB,,,,,,,,,0.001,0.995,0.001,0.001,0.002,,,,,,,
FWC_ALB_46,ALB,refALB,,,,,,,,,0.001,0.992,0.002,0.003,0.002,,,,,,,
FWC_ALB_47,ALB,refALB,,,,,,,,,0.001,0.994,0.002,0.001,0.002,,,,,,,
FWC_ALB_48,ALB,refALB,,,,,,,,,0.001,0.995,0.001,0.001,0.002,,,,,,,
FWC_ALB_49,ALB,refALB,,,,,,,,,0.001,0.9951,0.001,0.0011,0.0018,,,,,,,
FWC_ALB_50,ALB,refALB,,,,,,,,,0.001,0.995,0.001,0.001,0.002,,,,,,,
FWC_ALB_51,ALB,refALB,,,,,,,,,0.001,0.9843,0.002,0.003,0.0097,,,,,,,
FWC_ALB_52,ALB,refALB,,,,,,,,,0.001,0.9946,0.0015,0.001,0.0019,,,,,,,
FWC_ALB_53,ALB,refALB,,,,,,,,,0.001,0.995,0.001,0.001,0.002,,,,,,,
FWC_ALB_54,ALB,refALB,,,,,,,,,0.001,0.994,0.002,0.001,0.002,,,,,,,
FWC_ALB_55,ALB,refALB,,,,,,,,,0.001,0.995,0.001,0.001,0.002,,,,,,,
FWC_ALB_56,ALB,refALB,,,,,,,,,0.002,0.985,0.002,0.002,0.009,,,,,,,
FWC_ALB_57,ALB,refALB,,,,,,,,,0.003,0.99,0.003,0.002,0.002,,,,,,,
FWC_ALB_58,ALB,refALB,,,,,,,,,0.001,0.995,0.001,0.001,0.002,,,,,,,
FWC_ALB_59,ALB,refALB,,,,,,,,,0.002,0.9936,0.0011,0.0013,0.002,,,,,,,
FWC_ALB_60,ALB,refALB,,,,,,,,,0.0014,0.9946,0.001,0.001,0.002,,,,,,,
FWC_ALB_61,ALB,refALB,,,,,,,,,0.001,0.995,0.001,0.001,0.002,,,,,,,
FWC_ALB_62,ALB,refALB,,,,,,,,,0.001,0.994,0.002,0.001,0.002,,,,,,,
FWC_ALB_63,ALB,refALB,,,,,,,,,0.001,0.995,0.001,0.001,0.002,,,,,,,
Coosa2016_145,REB,refREB,,,,,,,,,0.001,0.0011,0.9959,0.001,0.001,,,,,,,
Coosa2016_148,REB,refREB,,,,,,,,,0.001,0.0024,0.9939,0.0017,0.001,,,,,,,
Coosa2016_150,REB,refREB,,,,,,,,,0.001,0.004,0.992,0.002,0.001,,,,,,,
Coosa2016_152,REB,refREB,,,,,,,,,0.001,0.003,0.993,0.002,0.001,,,,,,,
Coosa2016_156,REB,refREB,,,,,,,,,0.001,0.0164,0.9776,0.002,0.003,,,,,,,
Coosa2016_182,REB,refREB,,,,,,,,,0.001,0.002,0.993,0.002,0.002,,,,,,,
Coosa2016_183,REB,refREB,,,,,,,,,0.001,0.002,0.9945,0.0015,0.001,,,,,,,
Coosa2016_184,REB,refREB,,,,,,,,,0.001,0.003,0.992,0.002,0.002,,,,,,,
Coosa2016_185,REB,refREB,,,,,,,,,0.001,0.002,0.9939,0.002,0.0011,,,,,,,
Coosa2016_189,REB,refREB,,,,,,,,,0.001,0.002,0.994,0.002,0.001,,,,,,,
Coosa2016_192,REB,refREB,,,,,,,,,0.001,0.002,0.9928,0.0032,0.001,,,,,,,
Coosa2016_193,REB,refREB,,,,,,,,,0.001,0.0013,0.9952,0.0015,0.001,,,,,,,
Coosa2016_196,REB,refREB,,,,,,,,,0.001,0.001,0.995,0.002,0.001,,,,,,,
Coosa2016_197,REB,refREB,,,,,,,,,0.001,0.003,0.992,0.002,0.002,,,,,,,
Coosa2016_198,REB,refREB,,,,,,,,,0.001,0.002,0.994,0.001,0.002,,,,,,,
Chattahooch_1110,CHB,refCHB,,,,,,,,,0.001,0.001,0.001,0.995,0.002,,,,,,,
Chattahooch_1111,CHB,refCHB,,,,,,,,,0.002,0.001,0.002,0.994,0.001,,,,,,,
Chattahooch_1316,CHB,refCHB,,,,,,,,,0.001,0.001,0.002,0.9931,0.0029,,,,,,,
Chattahooch_1318,CHB,refCHB,,,,,,,,,0.002,0.003,0.005,0.989,0.001,,,,,,,
Chattahooch_1320,CHB,refCHB,,,,,,,,,0.001,0.001,0.0042,0.9928,0.001,,,,,,,
Chattahooch_1321,CHB,refCHB,,,,,,,,,0.001,0.001,0.004,0.993,0.001,,,,,,,
Chattahooch_1327,CHB,refCHB,,,,,,,,,0.0016,0.0026,0.002,0.9908,0.003,,,,,,,
Chattahooch_1331,CHB,refCHB,,,,,,,,,0.002,0.0247,0.005,0.9613,0.007,,,,,,,
Chattahooch_893,CHB,refCHB,,,,,,,,,0.001,0.002,0.003,0.993,0.001,,,,,,,
Chattahooch_894,CHB,refCHB,,,,,,,,,0.002,0.001,0.002,0.994,0.001,,,,,,,
Chattahooch_895,CHB,refCHB,,,,,,,,,0.001,0.004,0.0047,0.9843,0.006,,,,,,,
Chattahooch_902,CHB,refCHB,,,,,,,,,0.001,0.002,0.002,0.994,0.001,,,,,,,
Chattahooch_908,CHB,refCHB,,,,,,,,,0.001,0.0134,0.002,0.9816,0.002,,,,,,,
Chattahooch_918,CHB,refCHB,,,,,,,,,0.001,0.002,0.002,0.992,0.003,,,,,,,
Chattahooch_919,CHB,refCHB,,,,,,,,,0.002,0.007,0.003,0.983,0.005,,,,,,,
Chattahooch_921,CHB,refCHB,,,,,,,,,0.001,0.002,0.0019,0.9921,0.003,,,,,,,
Chattahooch_924,CHB,refCHB,,,,,,,,,0.002,0.005,0.002,0.9872,0.0038,,,,,,,
Chattahooch_926,CHB,refCHB,,,,,,,,,0.002,0.002,0.003,0.987,0.006,,,,,,,
Chattahooch_927,CHB,refCHB,,,,,,,,,0.0018,0.002,0.001,0.9922,0.003,,,,,,,
Chattahooch_929,CHB,refCHB,,,,,,,,,0.001,0.001,0.002,0.995,0.001,,,,,,,
Chattahooch_931,CHB,refCHB,,,,,,,,,0.001,0.004,0.008,0.9761,0.0109,,,,,,,
Chattahooch_934,CHB,refCHB,,,,,,,,,0.001,0.001,0.002,0.995,0.001,,,,,,,
Chattahooch_937,CHB,refCHB,,,,,,,,,0.001,0.001,0.002,0.995,0.001,,,,,,,
Chattahooch_938,CHB,refCHB,,,,,,,,,0.001,0.001,0.002,0.995,0.001,,,,,,,
Chattahooch_939,CHB,refCHB,,,,,,,,,0.001,0.0132,0.003,0.9798,0.003,,,,,,,
Chattahooch_941,CHB,refCHB,,,,,,,,,0.001,0.003,0.002,0.9759,0.0181,,,,,,,
Chattahooch_946,CHB,refCHB,,,,,,,,,0.002,0.0037,0.002,0.9662,0.0261,,,,,,,
Chattahooch_947,CHB,refCHB,,,,,,,,,0.001,0.003,0.002,0.992,0.002,,,,,,,
Chattahooch_949,CHB,refCHB,,,,,,,,,0.001,0.003,0.001,0.993,0.002,,,,,,,
Chattahooch_957,CHB,refCHB,,,,,,,,,0.002,0.002,0.002,0.992,0.002,,,,,,,
OSU_A_38,SHB,refSHB,,,,,,,,,0.001,0.0019,0.001,0.001,0.9951,,,,,,,
OSU_A_09,SHB,refSHB,,,,,,,,,0.001,0.0011,0.001,0.001,0.9959,,,,,,,
OSU_A_24,SHB,refSHB,,,,,,,,,0.001,0.0012,0.0011,0.001,0.9957,,,,,,,
Mcat3533,SHB,refSHB,,,,,,,,,0.001,0.001,0.001,0.001,0.996,,,,,,,
OSU_E_22,SHB,refSHB,,,,,,,,,0.001,0.002,0.001,0.001,0.995,,,,,,,
OSU_E_5,SHB,refSHB,,,,,,,,,0.001,0.002,0.001,0.001,0.995,,,,,,,
OSU_E_28,SHB,refSHB,,,,,,,,,0.001,0.001,0.001,0.001,0.996,,,,,,,
OSU_E_34,SHB,refSHB,,,,,,,,,0.001,0.0011,0.001,0.001,0.9959,,,,,,,
Mcat5340,SHB,refSHB,,,,,,,,,0.001,0.0011,0.001,0.001,0.9959,,,,,,,
Mcat5349,SHB,refSHB,,,,,,,,,0.001,0.0019,0.001,0.001,0.9951,,,,,,,
SHBA_BigCreek_2015-195,SHB,refSHB,,,,,,,,,0.001,0.002,0.001,0.001,0.995,,,,,,,
SHBA_BigCreek_2015-249,SHB,refSHB,,,,,,,,,0.001,0.003,0.001,0.001,0.994,,,,,,,
GMNHTC-3411,SHB,refSHB,,,,,,,,,0.001,0.003,0.001,0.001,0.994,,,,,,,
SHBA_CHA_2015-108,SHB,refSHB,,,,,,,,,0.001,0.0054,0.002,0.0012,0.9904,,,,,,,
GMNHTC-3484,SHB,refSHB,,,,,,,,,0.001,0.001,0.001,0.0014,0.9956,,,,,,,
SHBA_CHA_2015-119,SHB,refSHB,,,,,,,,,0.001,0.002,0.001,0.001,0.995,,,,,,,
SHBA_U_4,SHB,refSHB,,,,,,,,,0.001,0.002,0.001,0.001,0.995,,,,,,,
SHBA_U_14,SHB,refSHB,,,,,,,,,0.001,0.002,0.001,0.001,0.995,,,,,,,
SHBA_U_16,SHB,refSHB,,,,,,,,,0.001,0.002,0.001,0.001,0.995,,,,,,,
SHBA_U_22,SHB,refSHB,,,,,,,,,0.001,0.002,0.001,0.001,0.995,,,,,,,
GDR_294,SHB,refSHB,,,,,,,,,0.0039,0.0022,0.0015,0.003,0.9894,,,,,,,
GDR_259,SHB,refSHB,,,,,,,,,0.001,0.0024,0.001,0.001,0.9946,,,,,,,
GDR_261,SHB,refSHB,,,,,,,,,0.0021,0.0011,0.001,0.001,0.9948,,,,,,,
GDR_608,SHB,refSHB,,,,,,,,,0.001,0.002,0.001,0.001,0.995,,,,,,,
BBCC_23,SHB,refSHB,,,,,,,,,0.002,0.001,0.002,0.001,0.994,,,,,,,
BBCC_54,SHB,refSHB,,,,,,,,,0.001,0.001,0.001,0.001,0.996,,,,,,,
BBCC_57,SHB,refSHB,,,,,,,,,0.001,0.001,0.001,0.001,0.996,,,,,,,
BBCC_58,SHB,refSHB,,,,,,,,,0.001,0.001,0.002,0.002,0.994,,,,,,,
GDR_441,SHB,refSHB,,,,,,,,,0.002,0.001,0.001,0.001,0.995,,,,,,,
GDR_444,SHB,refSHB,,,,,,,,,0.001,0.0023,0.001,0.001,0.9947,,,,,,,
GDR_446,SHB,refSHB,,,,,,,,,0.002,0.003,0.003,0.002,0.99,,,,,,,
GA5408,SHB,refSHB,,,,,,,,,0.0021,0.002,0.0011,0.0016,0.9932,,,,,,,
FLRSHB_246,SHB,refSHB,,,,,,,,,0.001,0.0011,0.001,0.001,0.9959,,,,,,,
FLRSHB_277,SHB,refSHB,,,,,,,,,0.001,0.002,0.001,0.001,0.995,,,,,,,
FLRSHB_120,SHB,refSHB,,,,,,,,,0.001,0.002,0.002,0.0013,0.9937,,,,,,,
FRSHB032,SHB,refSHB,,,,,,,,,0.001,0.0016,0.002,0.001,0.9944,,,,,,,
GA5418,SHB,refSHB,,,,,,,,,0.0012,0.002,0.002,0.0021,0.9927,,,,,,,
FLRSHB_262,SHB,refSHB,,,,,,,,,0.001,0.002,0.003,0.002,0.992,,,,,,,
FLRSHB_263,SHB,refSHB,,,,,,,,,0.001,0.002,0.002,0.003,0.992,,,,,,,
FRSHB059,SHB,refSHB,,,,,,,,,0.002,0.002,0.001,0.001,0.994,,,,,,,
FRSHB013,SHB,refSHB,,,,,,,,,0.001,0.002,0.001,0.001,0.995,,,,,,,
GA5451,SHB,refSHB,,,,,,,,,0.001,0.002,0.001,0.0013,0.9947,,,,,,,
GA5467,SHB,refSHB,,,,,,,,,0.001,0.002,0.001,0.001,0.995,,,,,,,
GA5468,SHB,refSHB,,,,,,,,,0.003,0.002,0.001,0.001,0.993,,,,,,,
GA5484,SHB,refSHB,,,,,,,,,0.001,0.002,0.002,0.002,0.993,,,,,,,
GA5428,SHB,refSHB,,,,,,,,,0.003,0.002,0.001,0.001,0.993,,,,,,,
GA5439,SHB,refSHB,,,,,,,,,0.001,0.002,0.001,0.001,0.995,,,,,,,
FRSHB069,SHB,refSHB,,,,,,,,,0.001,0.002,0.001,0.001,0.995,,,,,,,
FRSHB089,SHB,refSHB,,,,,,,,,0.001,0.002,0.001,0.001,0.995,,,,,,,
FRSHB074,SHB,refSHB,,,,,,,,,0.001,0.002,0.002,0.002,0.993,,,,,,,
FRSHB052,SHB,refSHB,,,,,,,,,0.001,0.002,0.0016,0.002,0.9934,,,,,,,
sh204,SHB,refSHB,,,,,,,,,0.01,0.002,0.003,0.002,0.983,,,,,,,
sh59,SHB,refSHB,,,,,,,,,0.001,0.003,0.002,0.001,0.993,,,,,,,
sh250,SHB,refSHB,,,,,,,,,0.001,0.0039,0.002,0.002,0.9911,,,,,,,
sh25,SHB,refSHB,,,,,,,,,0.001,0.003,0.002,0.001,0.993,,,,,,,
001_01_ALB,ALB,wildpop,1,0.142857143,0.85675,0.071428571,1,,,ALB,0,0.99,0,0,0,1,ALB,2,ALB,,,
002_01_ALB,ALB,wildpop,1,0.2,0.8914935,0.133333333,0.9340776,,,ALB,0,0.99,0,0,0,1,ALB,2,ALB,,,
003_01_ALB,ALB,wildpop,1,0.133333333,0.7166232,0.133333333,0.9341169,,,ALB,0,0.99,0,0,0.01,1,ALB,2,ALB,,,
004_01_ALB,ALB,wildpop,1,0.125,0.9697899,0,1,,,ALB,0,1,0,0,0,1,ALB,2,ALB,,,
005_01_ALB,ALB,wildpop,1,0.133333333,0.9925422,0,1,,,ALB,0,1,0,0,0,1,ALB,2,ALB,,,
006_01_ALB,ALB,wildpop,1,0.133333333,0.8722387,0.066666667,1,,,ALB,0,1,0,0,0,1,ALB,2,ALB,,,
007_01_ALB,ALB,wildpop,1,0.133333333,1,0,1,,,ALB,0,1,0,0,0,1,ALB,2,ALB,,,
008_01_ALB,ALB,wildpop,1,0.1875,0.9772673,0.0625,1,,,ALB,0,1,0,0,0,1,ALB,2,ALB,,,
009_01_ALB,ALB,wildpop,1,0,0.8310743,0,0.998091,,,ALB,0,0.99,0,0,0,1,ALB,2,ALB,,,
010_01_ALB,ALB,wildpop,1,0.071428571,1,0.071428571,1,,,ALB,0,1,0,0,0,1,ALB,2,ALB,,,
011_01_ALB,ALB,wildpop,1,0.1875,0.9757636,0,1,,,ALB,0,1,0,0,0,1,ALB,2,ALB,,,
012_01_ALB,ALB,wildpop,1,0.1875,0.9667711,0,1,,,ALB,0,0.99,0,0,0,1,ALB,2,ALB,,,
013_01_ALB,ALB,wildpop,1,0.333333333,0.7526081,0.066666667,1,,,ALB,0,0.99,0,0,0.01,1,ALB,2,ALB,,,
014_01_ALB,ALB,wildpop,1,0.25,0.8326982,0,1,,,ALB,0,0.99,0,0,0.01,1,ALB,2,ALB,,,
015_01_ALB,ALB,wildpop,1,0.066666667,0.8158836,0,1,,,ALB,0,0.99,0,0,0,1,ALB,2,ALB,,,
016_01_ALB,ALB,wildpop,1,0.2,0.9200125,0,1,,,ALB,0,0.99,0,0,0,1,ALB,2,ALB,,,
017_01_ALB,ALB,wildpop,1,0.0625,0.9423214,0.0625,1,,,ALB,0,1,0,0,0,1,ALB,2,ALB,,,
018_01_HYB,ALB,wildpop,1,0,0.9052591,0.0625,0.8931134,,,ALB,0,0.99,0,0,0,1,ALB,2,ALB,,,
019_01_SHB,SHB,wildpop,1,0,0,,,0,0,SHB,0,0,0,0,1,1,SHB,,,3,SHB,
020_01_SHB,SHB,wildpop,1,0.2,0,,,0.1875,0.046205,SHB,0,0,0,0,0.99,1,SHB,,,3,SHB,
021_02_ALB,ALB,wildpop,2,0.125,0.946175,0.0625,1,,,ALB,0,1,0,0,0,1,ALB,2,ALB,,,
022_02_ALB,ALB,wildpop,2,0.066666667,0.9239436,0,1,,,ALB,0,1,0,0,0,1,ALB,2,ALB,,,
023_02_ALB,ALB,wildpop,2,0.125,0.9448981,0.0625,1,,,ALB,0,1,0,0,0,1,ALB,2,ALB,,,
024_02_ALB,ALB,wildpop,2,0.214285714,0.8928525,0,1,,,ALB,0,0.99,0,0,0,1,ALB,2,ALB,,,
025_02_ALB,ALB,wildpop,2,0.3125,0.8762773,0.0625,1,,,ALB,0,1,0,0,0,1,ALB,2,ALB,,,
026_02_ALB,ALB,wildpop,2,0.3125,0.8480725,0.0625,0.9577112,,,ALB,0,0.99,0,0,0,1,ALB,2,ALB,,,
027_02_ALB,ALB,wildpop,2,0.066666667,0.9022154,0.066666667,1,,,ALB,0,0.99,0,0,0,1,ALB,2,ALB,,,
028_02_ALB,ALB,wildpop,2,0.1875,0.9077123,0.125,0.9413504,,,ALB,0,0.99,0,0,0,1,ALB,2,ALB,,,
029_02_ALB,ALB,wildpop,2,0.066666667,1,0.066666667,1,,,ALB,0,1,0,0,0,1,ALB,2,ALB,,,
030_02_ALB,ALB,wildpop,2,0.0625,0.9210937,0,1,,,ALB,0,1,0,0,0,1,ALB,2,ALB,,,
031_02_ALB,ALB,wildpop,2,0.133333333,0.9817443,0.066666667,1,,,ALB,0,1,0,0,0,1,ALB,2,ALB,,,
032_02_ALB,ALB,wildpop,2,0.0625,1,0,1,,,ALB,0,1,0,0,0,1,ALB,2,ALB,,,
033_02_ALB,ALB,wildpop,2,0.125,0.9697276,0,1,,,ALB,0,1,0,0,0,1,ALB,2,ALB,,,
034_02_ALB,ALB,wildpop,2,0.125,0.8220874,0,1,,,ALB,0,1,0,0,0,1,ALB,2,ALB,,,
035_02_ALB,ALB,wildpop,2,0.066666667,0.9363095,0,1,,,ALB,0,1,0,0,0,1,ALB,2,ALB,,,
036_02_ALB,ALB,wildpop,2,0.125,0.9955021,0.0625,1,,,ALB,0,1,0,0,0,1,ALB,2,ALB,,,
037_02_HYB,SHB,wildpop,2,0.133333333,0,,,0.133333333,0,SHB,0,0,0,0,1,1,SHB,,,3,SHB,
038_02_HYB,SHB,wildpop,2,0.25,0,,,0.25,0,SHB,0,0,0,0,0.99,1,SHB,,,3,SHB,
039_02_SHB,SHB,wildpop,2,0.0625,0,,,0.0625,0,SHB,0,0,0,0,1,1,SHB,,,3,SHB,
040_02_SHB,SHB,wildpop,2,0.0625,0,,,0.0625,0,SHB,0,0,0,0,1,1,SHB,,,3,SHB,
041_02_SHB,SHB,wildpop,2,0.125,0.0708361,,,0.066666667,0,SHB,0,0,0,0,1,1,SHB,,,3,SHB,
042_02_SHB,SHB,wildpop,2,0.1875,0,,,0.0625,0,SHB,0,0,0,0,1,1,SHB,,,3,SHB,
043_02_SHB,SHB,wildpop,2,0.1875,0.0624255,,,0.2,0,SHB,0,0,0,0,1,1,SHB,,,3,SHB,
044_02_SHB,SHB,wildpop,2,0.125,0,,,0.125,0,SHB,0,0,0,0,1,1,SHB,,,3,SHB,
045_02_SHB,SHB,wildpop,2,0.133333333,0,,,0.133333333,0.0159242,SHB,0,0,0,0,1,1,SHB,,,3,SHB,
046_02_SHB,SHB,wildpop,2,0,0,,,0,0,SHB,0,0,0,0,1,1,SHB,,,3,SHB,
047_02_SHB,SHB,wildpop,2,0.125,0,,,0.0625,0,SHB,0,0,0,0,1,1,SHB,,,3,SHB,
048_02_SHB,SHB,wildpop,2,0.2,0,,,0.133333333,0,SHB,0,0,0,0,0.99,1,SHB,,,3,SHB,
049_02_SHB,SHB,wildpop,2,0.0625,0,,,0,0,SHB,0,0,0,0,1,1,SHB,,,3,SHB,
050_02_SHB,SHB,wildpop,2,0,0,,,0,0,SHB,0,0,0,0,1,1,SHB,,,3,SHB,
051_02_SHB,SHB,wildpop,2,0.0625,0,,,0.25,0.0257127,SHB,0,0,0,0,1,1,SHB,,,3,SHB,
052_02_SHB,SHB,wildpop,2,0.0625,0,,,0.0625,0,SHB,0,0,0,0,1,1,SHB,,,3,SHB,
053_02_SHB,SHB,wildpop,2,0.066666667,0,,,0.066666667,0,SHB,0,0,0,0,1,1,SHB,,,3,SHB,
054_02_SHB,SHB,wildpop,2,0.125,0,,,0.125,0,SHB,0,0,0,0,1,1,SHB,,,3,SHB,
055_02_SHB,SHB,wildpop,2,0.0625,0,,,0.0625,0,SHB,0,0,0,0,0.99,1,SHB,,,3,SHB,
056_02_SHB,SHB,wildpop,2,0.125,0,,,0.125,0,SHB,0,0,0,0,1,1,SHB,,,3,SHB,
057_02_SHB,SHB,wildpop,2,0.125,0,,,0.0625,0,SHB,0,0,0,0,1,1,SHB,,,3,SHB,
058_02_SHB,SHB,wildpop,2,0.1875,0,,,0.0625,0,SHB,0,0,0,0,1,1,SHB,,,3,SHB,
059_02_SHB,SHB,wildpop,2,0.066666667,0,,,0.2,0,SHB,0,0,0,0,1,1,SHB,,,3,SHB,
060_02_SHB,SHB,wildpop,2,0.133333333,0,,,0.133333333,0,SHB,0,0,0,0,1,1,SHB,,,3,SHB,
061_02_SHB,SHB,wildpop,2,0.0625,0,,,0.0625,0,SHB,0,0,0,0,1,1,SHB,,,3,SHB,
062_03_ALB,ALB,wildpop,3,0.2,0.7659724,0.066666667,0.8807305,,,ALB,0,0.99,0,0,0.01,1,ALB,2,ALB,,,
063_03_ALB,ALB,wildpop,3,0,1,0.066666667,1,,,ALB,0,1,0,0,0,1,ALB,2,ALB,,,
064_03_ALB,ALB,wildpop,3,0.25,0.907566,0,1,,,ALB,0,1,0,0,0,1,ALB,2,ALB,,,
065_03_ALB,ALB,wildpop,3,0.125,1,0.0625,1,,,ALB,0,1,0,0,0,1,ALB,2,ALB,,,
066_03_ALB,ALB,wildpop,3,0.125,0.9425163,0.125,0.940838,,,ALB,0,0.99,0,0,0,1,ALB,2,ALB,,,
067_03_ALB,ALB,wildpop,3,0.0625,0.7800469,0.125,0.8667838,,,ALB,0,0.98,0,0.01,0.01,1,ALB,2,ALB,,,
068_03_SHB,SHB,wildpop,3,0.0625,0,,,0.0625,0,SHB,0,0,0,0,1,1,SHB,,,3,SHB,
069_03_SHB,SHB,wildpop,3,0.133333333,0,,,0.066666667,0,SHB,0,0,0,0,1,1,SHB,,,3,SHB,
070_03_SHB,SHB,wildpop,3,0.133333333,0,,,0.066666667,0,SHB,0,0,0,0,1,1,SHB,,,3,SHB,
071_03_SHB,SHB,wildpop,3,0.0625,0,,,0.0625,0,SHB,0,0,0,0,1,1,SHB,,,3,SHB,
072_03_SHB,SHB,wildpop,3,0,0,,,0,0,SHB,0,0,0,0,1,1,SHB,,,3,SHB,
073_03_SHB,SHB,wildpop,3,0.125,0,,,0.1875,0,SHB,0,0,0,0,1,1,SHB,,,3,SHB,
074_03_SHB,SHB,wildpop,3,0.0625,0,,,0,0,SHB,0,0,0,0,1,1,SHB,,,3,SHB,
075_03_SHB,SHB,wildpop,3,0.0625,0,,,0.125,0,SHB,0,0,0,0,1,1,SHB,,,3,SHB,
076_03_SHB,SHB,wildpop,3,0,0,,,0,0,SHB,0,0,0,0,1,1,SHB,,,3,SHB,
077_03_SHB,SHB,wildpop,3,0.1875,0.0570166,,,0.133333333,0.0384653,SHB,0,0,0,0,0.99,1,SHB,,,3,SHB,
078_03_SHB,SHB,wildpop,3,0.125,0,,,0.125,0,SHB,0,0,0,0,1,1,SHB,,,3,SHB,
079_04_ALB,F1 ALB x CHB,wildpop,4,,,0.375,0.6595415,,,F2 ALB x CHB,0,0.66,0,0.33,0.01,,,2,F2 ALB x CHB,,,
080_04_ALB,ALB,wildpop,4,0,0.8691129,0.066666667,1,,,ALB,0,1,0,0,0,1,ALB,2,ALB,,,
081_04_ALB,ALB,wildpop,4,0.25,0.9064305,0.066666667,1,,,ALB,0,0.99,0,0,0,1,ALB,2,ALB,,,
082_04_CHB,F1 ALB x CHB,wildpop,4,,,0.6,0.3421507,,,BC CHB x ALB,0,0.37,0,0.62,0,,,2,BC CHB x ALB,,,
083_04_CHB,F1 ALB x CHB,wildpop,4,,,0.5,0.5650215,,,F1 ALB x CHB,0,0.61,0,0.38,0,,,2,F1 ALB x CHB,,,
084_04_CHB,CHB,wildpop,4,,,0.357142857,0.1879158,,,CHB,0,0.01,0,0.95,0.03,,,2,CHB,,,
085_04_CHB,CHB,wildpop,4,,,0.066666667,0.0379356,,,CHB,0,0.01,0,0.99,0,,,2,CHB,,,
086_04_SHB,SHB,wildpop,4,0,0,,,0,0,SHB,0,0,0,0,1,1,SHB,,,3,SHB,
087_04_SHB,SHB,wildpop,4,0.0625,0,,,0.0625,0,SHB,0,0,0,0,1,1,SHB,,,3,SHB,
088_04_SHB,SHB,wildpop,4,0.125,0,,,0,0,SHB,0,0,0,0,1,1,SHB,,,3,SHB,
089_04_SHB,SHB,wildpop,4,0.0625,0,,,0.125,0.0157304,SHB,0,0,0,0,1,1,SHB,,,3,SHB,
090_04_SHB,SHB,wildpop,4,0.125,0,,,0.125,0,SHB,0,0,0,0,1,1,SHB,,,3,SHB,
091_04_SHB,SHB,wildpop,4,0.0625,0,,,0.1875,0,SHB,0,0,0,0,1,1,SHB,,,3,SHB,
092_04_SHB,SHB,wildpop,4,0.2,0,,,0.2,0,SHB,0,0,0,0,1,1,SHB,,,3,SHB,
093_04_SHB,SHB,wildpop,4,0.0625,0,,,0.125,0,SHB,0,0,0,0,1,1,SHB,,,3,SHB,
094_04_SHB,SHB,wildpop,4,0,0,,,0,0,SHB,0,0,0,0,1,1,SHB,,,3,SHB,
095_04_SHB,SHB,wildpop,4,0.1875,0,,,0.125,0,SHB,0,0,0,0,1,1,SHB,,,3,SHB,
096_04_SHB,SHB,wildpop,4,0.0625,0,,,0.0625,0,SHB,0,0,0,0,1,1,SHB,,,3,SHB,
097_04_SHB,F1 SHB x CHB,wildpop,4,,,,,,,MULTIPLE,0,0,0,0.57,0.43,,,,,,,N
098_04_SHB,SHB,wildpop,4,0,0,,,0.066666667,0,SHB,0,0,0,0,1,1,SHB,,,3,SHB,
099_04_SHB,SHB,wildpop,4,0.1875,0.0144752,,,0.125,0,SHB,0,0,0,0,0.99,1,SHB,,,3,SHB,
100_04_SHB,SHB,wildpop,4,0.133333333,0,,,0.066666667,0,SHB,0,0,0,0,0.99,1,SHB,,,3,SHB,
101_05_ALB,ALB,wildpop,5,0.230769231,0.9568208,0,1,,,ALB,0,0.99,0,0,0,1,ALB,2,ALB,,,
102_05_ALB,ALB,wildpop,5,0.071428571,0.9055801,0,1,,,ALB,0,0.99,0,0,0,1,ALB,2,ALB,,,
103_05_ALB,ALB,wildpop,5,0,0.9220167,0,1,,,ALB,0,1,0,0,0,1,ALB,2,ALB,,,
104_05_ALB,ALB,wildpop,5,0.142857143,0.9855435,0,1,,,ALB,0,1,0,0,0,1,ALB,2,ALB,,,
105_05_ALB,ALB,wildpop,5,0.2,0.7758561,0,1,,,ALB,0,0.99,0,0,0,1,ALB,2,ALB,,,
106_05_ALB,ALB,wildpop,5,0.285714286,0.8992902,0.071428571,1,,,ALB,0,1,0,0,0,1,ALB,2,ALB,,,
107_05_ALB,ALB,wildpop,5,0.066666667,0.8559284,0,1,,,ALB,0,0.99,0,0,0,1,ALB,2,ALB,,,
108_05_ALB,ALB,wildpop,5,0.066666667,0.9363419,0,1,,,ALB,0,0.99,0,0,0,1,ALB,2,ALB,,,
109_05_ALB,ALB,wildpop,5,0.133333333,0.9774775,0.066666667,1,,,ALB,0,1,0,0,0,1,ALB,2,ALB,,,
110_05_ALB,ALB,wildpop,5,0.133333333,0.8674631,0,1,,,ALB,0,1,0,0,0,1,ALB,2,ALB,,,
111_05_ALB,ALB,wildpop,5,0.066666667,0.9224763,0,1,,,ALB,0,1,0,0,0,1,ALB,2,ALB,,,
112_05_ALB,ALB,wildpop,5,0.066666667,0.997138,0.125,0.940413,,,ALB,0,0.99,0,0,0,1,ALB,2,ALB,,,
113_05_ALB,ALB,wildpop,5,0.0625,1,0,1,,,ALB,0,1,0,0,0,1,ALB,2,ALB,,,
114_05_ALB,ALB,wildpop,5,0.214285714,0.9224164,0.071428571,1,,,ALB,0,0.99,0,0,0,1,ALB,2,ALB,,,
115_05_ALB,ALB,wildpop,5,0.214285714,0.9026992,0,1,,,ALB,0,0.99,0,0,0,1,ALB,2,ALB,,,
116_05_ALB,ALB,wildpop,5,0.133333333,0.9632209,0,1,,,ALB,0,0.99,0,0,0,1,ALB,2,ALB,,,
117_05_ALB,ALB,wildpop,5,0.083333333,0.9747868,0,1,,,ALB,0,0.99,0,0,0,1,ALB,2,ALB,,,
118_05_ALB,ALB,wildpop,5,0.153846154,0.9146974,0,1,,,ALB,0,0.99,0,0,0,1,ALB,2,ALB,,,
119_05_ALB,ALB,wildpop,5,0.2,0.9614839,0,1,,,ALB,0,1,0,0,0,1,ALB,2,ALB,,,
120_05_ALB,ALB,wildpop,5,0.071428571,0.8799661,0.071428571,1,,,ALB,0,0.99,0,0,0,1,ALB,2,ALB,,,
121_05_ALB,ALB,wildpop,5,0.142857143,0.927851,0.142857143,0.9340301,,,ALB,0,0.99,0,0,0,1,ALB,2,ALB,,,
122_05_ALB,ALB,wildpop,5,0.153846154,0.9728417,0.076923077,1,,,ALB,0,0.99,0,0,0,1,ALB,2,ALB,,,
123_05_ALB,ALB,wildpop,5,0.214285714,0.9058844,0,1,,,ALB,0,1,0,0,0,1,ALB,2,ALB,,,
124_05_ALB,ALB,wildpop,5,0.076923077,1,0.076923077,1,,,ALB,0,0.99,0,0,0,1,ALB,2,ALB,,,
125_05_ALB,ALB,wildpop,5,0.142857143,1,0,1,,,ALB,0,1,0,0,0,1,ALB,2,ALB,,,
126_05_ALB,ALB,wildpop,5,0.133333333,0.9928564,0.066666667,1,,,ALB,0,1,0,0,0,1,ALB,2,ALB,,,
127_05_ALB,ALB,wildpop,5,0.071428571,0.9090009,0.071428571,1,,,ALB,0,0.99,0,0,0,1,ALB,2,ALB,,,
128_05_ALB,ALB,wildpop,5,0.133333333,0.8643655,0.066666667,1,,,ALB,0,0.99,0,0,0,1,ALB,2,ALB,,,
129_06_ALB,ALB,wildpop,6,0.2,0.9200637,0.066666667,1,,,ALB,0,1,0,0,0,1,ALB,2,ALB,,,
130_06_ALB,ALB,wildpop,6,0.133333333,0.8706571,0,1,,,ALB,0,1,0,0,0,1,ALB,2,ALB,,,
131_06_ALB,ALB,wildpop,6,0.142857143,0.7837414,0,1,,,ALB,0,0.99,0,0,0,1,ALB,2,ALB,,,
132_06_ALB,ALB,wildpop,6,0,0.9126672,0,1,,,ALB,0,1,0,0,0,1,ALB,2,ALB,,,
133_06_ALB,ALB,wildpop,6,0.125,0.9515985,0,1,,,ALB,0,1,0,0,0,1,ALB,2,ALB,,,
134_06_ALB,ALB,wildpop,6,0.142857143,0.9201023,0.071428571,1,,,ALB,0,1,0,0,0,1,ALB,2,ALB,,,
135_06_ALB,ALB,wildpop,6,0.133333333,0.9852291,0.066666667,1,,,ALB,0,0.99,0,0,0,1,ALB,2,ALB,,,
136_06_ALB,ALB,wildpop,6,0,0.9171812,0,1,,,ALB,0,1,0,0,0,1,ALB,2,ALB,,,
137_06_ALB,ALB,wildpop,6,0.071428571,0.9925332,0,1,,,ALB,0,1,0,0,0,1,ALB,2,ALB,,,
138_06_ALB,ALB,wildpop,6,0.285714286,0.8936499,0.071428571,1,,,ALB,0,1,0,0,0,1,ALB,2,ALB,,,
139_06_ALB,ALB,wildpop,6,0.2,0.7729754,0,0.9059527,,,ALB,0,0.99,0,0,0.01,1,ALB,2,ALB,,,
141_06_ALB,ALB,wildpop,6,0.066666667,0.8423958,0,1,,,ALB,0,1,0,0,0,1,ALB,2,ALB,,,
142_06_ALB,ALB,wildpop,6,0.214285714,0.9088646,0,1,,,ALB,0,1,0,0,0,1,ALB,2,ALB,,,
143_06_ALB,ALB,wildpop,6,0.166666667,0.9696821,0,1,,,ALB,0,0.99,0,0,0,1,ALB,2,ALB,,,
144_06_ALB,ALB,wildpop,6,0.1875,0.965382,0,1,,,ALB,0,1,0,0,0,1,ALB,2,ALB,,,
145_06_ALB,ALB,wildpop,6,0.142857143,0.9215048,0.071428571,1,,,ALB,0,1,0,0,0,1,ALB,2,ALB,,,
146_06_ALB,ALB,wildpop,6,0.066666667,0.8824971,0.066666667,1,,,ALB,0,1,0,0,0,1,ALB,2,ALB,,,
147_06_ALB,ALB,wildpop,6,0,0.9421456,0,1,,,ALB,0,1,0,0,0,1,ALB,2,ALB,,,
148_06_ALB,ALB,wildpop,6,0.2,0.930747,0.066666667,1,,,ALB,0,1,0,0,0,1,ALB,2,ALB,,,
149_06_ALB,ALB,wildpop,6,0.071428571,0.8766606,0,1,,,ALB,0,1,0,0,0,1,ALB,2,ALB,,,
150_06_ALB,ALB,wildpop,6,0.1875,0.9748548,0.0625,1,,,ALB,0,1,0,0,0,1,ALB,2,ALB,,,
151_06_ALB,ALB,wildpop,6,0.142857143,0.9899156,0.071428571,1,,,ALB,0,1,0,0,0,1,ALB,2,ALB,,,
152_06_ALB,ALB,wildpop,6,0.133333333,0.9754542,0,1,,,ALB,0,1,0,0,0,1,ALB,2,ALB,,,
153_06_ALB,ALB,wildpop,6,0.133333333,0.9818027,0.066666667,1,,,ALB,0,1,0,0,0,1,ALB,2,ALB,,,
154_06_ALB,ALB,wildpop,6,0.266666667,0.9063823,0,1,,,ALB,0,1,0,0,0,1,ALB,2,ALB,,,
155_06_HYB,SHB,wildpop,6,0.125,0,,,0.0625,0,SHB,0,0,0,0,1,1,SHB,,,3,SHB,
156_06_HYB,SHB,wildpop,6,0.0625,0,,,0.0625,0,SHB,0,0,0,0,1,1,SHB,,,3,SHB,
157_06_REB,F1 SHB x REB,wildpop,6,,,,,0.642857143,0.4411111,F1 SHB x REB,0,0.01,0.41,0,0.58,,,,,3,F1 SHB x REB,
158_06_REB,F1 SHB x REB,wildpop,6,,,,,0.733333333,0.4131459,F1 SHB x REB,0,0.03,0.39,0,0.57,,,,,3,F1 SHB x REB,
159_06_SHB,SHB,wildpop,6,0.0625,0,,,0.125,0,SHB,0,0,0,0,1,1,SHB,,,3,SHB,
160_06_SHB,SHB,wildpop,6,0.2,0,,,0.133333333,0,SHB,0,0,0,0,0.99,1,SHB,,,3,SHB,
161_06_SHB,SHB,wildpop,6,0.1875,0.0057653,,,0.0625,0.0172411,SHB,0,0,0,0,0.99,1,SHB,,,3,SHB,
162_06_SHB,SHB,wildpop,6,0.0625,0,,,0.0625,0,SHB,0,0,0,0,1,1,SHB,,,3,SHB,
163_06_SHB,SHB,wildpop,6,0.1875,0,,,0.25,0,SHB,0,0,0,0,1,1,SHB,,,3,SHB,
164_06_SHB,SHB,wildpop,6,0.1875,0,,,0.125,0,SHB,0,0,0,0,1,1,SHB,,,3,SHB,
165_07_ALB,ALB,wildpop,7,0.071428571,0.9898432,0.071428571,1,,,ALB,0,0.99,0,0,0,1,ALB,2,ALB,,,
166_07_ALB,ALB,wildpop,7,0.071428571,0.9834122,0.071428571,1,,,ALB,0,1,0,0,0,1,ALB,2,ALB,,,
167_07_ALB,ALB,wildpop,7,0.066666667,0.996231,0.066666667,1,,,ALB,0,1,0,0,0,1,ALB,2,ALB,,,
168_07_ALB,ALB,wildpop,7,0.071428571,1,0,1,,,ALB,0,0.99,0,0,0,1,ALB,2,ALB,,,
169_07_ALB,ALB,wildpop,7,0.133333333,1,0.066666667,1,,,ALB,0,1,0,0,0,1,ALB,2,ALB,,,
170_07_ALB,ALB,wildpop,7,0.066666667,0.9918768,0,1,,,ALB,0,0.99,0,0,0,1,ALB,2,ALB,,,
171_07_ALB,ALB,wildpop,7,0.066666667,0.8970732,0.066666667,1,,,ALB,0,0.99,0,0,0,1,ALB,2,ALB,,,
172_07_REB,F1 SHB x REB,wildpop,7,,,,,0.4,0.4013968,F1 SHB x REB,0,0,0.36,0,0.63,,,,,3,F1 SHB x REB,
173_07_SHB,SHB,wildpop,7,0.125,0,,,0,0,SHB,0,0,0,0,1,1,SHB,,,3,SHB,
174_07_SHB,SHB,wildpop,7,0.133333333,0,,,0.1875,0.0525159,SHB,0,0,0,0,0.99,1,SHB,,,3,SHB,
175_07_SHB,SHB,wildpop,7,0,0,,,0,0,SHB,0,0,0,0,0.99,1,SHB,,,3,SHB,
176_07_SHB,SHB,wildpop,7,0.133333333,0.0145423,,,0.066666667,0,SHB,0,0,0,0,0.99,1,SHB,,,3,SHB,
177_07_SHB,SHB,wildpop,7,0.125,0,,,0,0,SHB,0,0,0,0,0.99,1,SHB,,,3,SHB,
178_07_SHB,SHB,wildpop,7,0.0625,0,,,0.0625,0,SHB,0,0,0,0,1,1,SHB,,,3,SHB,
179_07_SHB,SHB,wildpop,7,0.125,0,,,0.125,0,SHB,0,0,0,0,1,1,SHB,,,3,SHB,
180_07_SHB,SHB,wildpop,7,0.066666667,0,,,0.1875,0.0440702,SHB,0,0,0,0,1,1,SHB,,,3,SHB,
181_07_SHB,SHB,wildpop,7,0.0625,0,,,0.25,0.0257127,SHB,0,0,0,0,1,1,SHB,,,3,SHB,
182_07_SHB,SHB,wildpop,7,0.0625,0,,,0.125,0,SHB,0,0,0,0,1,1,SHB,,,3,SHB,
183_07_SHB,SHB,wildpop,7,0.0625,0,,,0.1875,0,SHB,0,0,0,0,1,1,SHB,,,3,SHB,
184_07_SHB,SHB,wildpop,7,0.1875,0,,,0.25,0,SHB,0,0,0,0,1,1,SHB,,,3,SHB,
185_07_SHB,SHB,wildpop,7,0.1875,0,,,0.0625,0,SHB,0,0,0,0,1,1,SHB,,,3,SHB,
186_07_SHB,SHB,wildpop,7,0,0,,,0.125,0.0195684,SHB,0,0,0,0,1,1,SHB,,,3,SHB,
187_07_SHB,SHB,wildpop,7,0,0,,,0.125,0,SHB,0,0,0,0,1,1,SHB,,,3,SHB,
188_07_SHB,SHB,wildpop,7,0,0,,,0.125,0,SHB,0,0,0,0,1,1,SHB,,,3,SHB,
189_07_SHB,SHB,wildpop,7,0.0625,0,,,0.125,0,SHB,0,0,0,0,1,1,SHB,,,3,SHB,
190_07_SHB,BC SHB x ALB,wildpop,7,0.25,0.2131832,,,,,BC SHB x ALB,0,0.18,0,0,0.81,1,BC SHB x ALB,,,,,
191_08_ALB,ALB,wildpop,8,0.066666667,0.9164281,0.066666667,1,,,ALB,0,0.99,0,0,0,1,ALB,2,ALB,,,
192_08_ALB,ALB,wildpop,8,0.142857143,0.9865916,0.142857143,1,,,ALB,0,0.99,0,0,0,1,ALB,2,ALB,,,
193_08_ALB,ALB,wildpop,8,0.133333333,0.97352,0,1,,,ALB,0,1,0,0,0,1,ALB,2,ALB,,,
194_08_ALB,BC ALB x SHB,wildpop,8,0.25,0.7488615,,,,,ALB,0,0.89,0,0,0.11,1,ALB,,,,,
195_08_ALB,ALB,wildpop,8,0,0.9323591,0.071428571,1,,,ALB,0,1,0,0,0,1,ALB,2,ALB,,,
196_08_HYB,SHB,wildpop,8,0.0625,0,,,0.125,0,SHB,0,0,0,0,1,1,SHB,,,3,SHB,
197_08_HYB,SHB,wildpop,8,0.25,0,,,0.1875,0,SHB,0,0,0,0,1,1,SHB,,,3,SHB,
198_08_HYB,ALB x Multiple,wildpop,8,,,,,,,MULTIPLE,0,0.49,0,0.39,0.11,,,,,,,N
199_08_HYB,SHB,wildpop,8,0.125,0,,,0.125,0,SHB,0,0,0,0,1,1,SHB,,,3,SHB,
200_08_HYB,SHB,wildpop,8,0.133333333,0,,,0.2,0.022203,SHB,0,0,0,0,1,1,SHB,,,3,SHB,
201_08_SHB,SHB x Multiple,wildpop,8,,,,,,,MULTIPLE,0,0,0.11,0.14,0.75,,,,,,,N
202_08_SHB,SHB,wildpop,8,0.125,0,,,0.0625,0,SHB,0,0,0,0,0.99,1,SHB,,,3,SHB,
203_08_SHB,SHB,wildpop,8,0.125,0,,,0.0625,0,SHB,0,0,0,0,1,1,SHB,,,3,SHB,
204_08_SHB,SHB,wildpop,8,0.0625,0,,,0.125,0,SHB,0,0,0,0,1,1,SHB,,,3,SHB,
205_08_SHB,SHB,wildpop,8,0.125,0.0088822,,,0.125,0.0256179,SHB,0,0,0,0,0.99,1,SHB,,,3,SHB,
206_08_SHB,SHB,wildpop,8,0.125,0,,,0.125,0,SHB,0,0,0,0,0.99,1,SHB,,,3,SHB,
207_08_SHB,SHB,wildpop,8,0.0625,0,,,0.1875,0,SHB,0,0,0,0,1,1,SHB,,,3,SHB,
208_08_SHB,SHB,wildpop,8,0.125,0,,,0.1875,0,SHB,0,0,0,0,1,1,SHB,,,3,SHB,
209_08_SHB,SHB,wildpop,8,0,0,,,0.133333333,0,SHB,0,0,0,0,0.99,1,SHB,,,3,SHB,
210_08_SHB,SHB,wildpop,8,0.125,0,,,0.1875,0,SHB,0,0,0,0,1,1,SHB,,,3,SHB,
211_08_SHB,SHB,wildpop,8,0,0,,,0.0625,0,SHB,0,0,0,0,1,1,SHB,,,3,SHB,
212_08_SHB,SHB,wildpop,8,0.066666667,0,,,0.1875,0.0480422,SHB,0,0,0,0,0.99,1,SHB,,,3,SHB,
213_08_SHB,SHB,wildpop,8,0.133333333,0,,,0.0625,0.0962583,SHB,0,0,0,0,0.99,1,SHB,,,3,SHB,
214_08_SHB,SHB,wildpop,8,0.125,0.0113349,,,0.0625,0,SHB,0,0,0,0,0.99,1,SHB,,,3,SHB,
215_08_SHB,SHB,wildpop,8,0.066666667,0,,,0.133333333,0,SHB,0,0,0,0,1,1,SHB,,,3,SHB,
216_08_SHB,SHB,wildpop,8,0,0,,,0,0,SHB,0,0,0,0,1,1,SHB,,,3,SHB,
217_08_SHB,SHB,wildpop,8,0.125,0,,,0.125,0,SHB,0,0,0,0,0.99,1,SHB,,,3,SHB,
218_08_SHB,SHB,wildpop,8,0.133333333,0,,,0.133333333,0.0719332,SHB,0,0,0,0,0.99,1,SHB,,,3,SHB,
219_08_SHB,SHB,wildpop,8,0.133333333,0,,,0.125,0.0504311,SHB,0,0,0,0,0.99,1,SHB,,,3,SHB,
220_08_SHB,SHB,wildpop,8,0.125,0.0179217,,,0.0625,0,SHB,0,0.01,0,0,0.99,1,SHB,,,3,SHB,
221_08_SHB,F1 SHB x REB,wildpop,8,,,,,0.428571429,0.2817471,F1 SHB x REB,0,0,0.22,0.08,0.7,,,,,3,F1 SHB x REB,
222_08_SHB,F1 SHB x REB,wildpop,8,,,,,0.466666667,0.3483135,F1 SHB x REB,0,0,0.28,0.01,0.71,,,,,3,F1 SHB x REB,
224_08_SHB,SHB,wildpop,8,0.0625,0,,,0.125,0,SHB,0,0,0,0,1,1,SHB,,,3,SHB,
225_08_SHB,SHB,wildpop,8,0.0625,0,,,0.125,0,SHB,0,0,0,0,1,1,SHB,,,3,SHB,